from,to
MEN/Jackets_Vests/id_00000653/04_4_full.jpg,MEN/Jackets_Vests/id_00000653/04_4_full.jpg
WOMEN/Blouses_Shirts/id_00000740/03_4_full.jpg,WOMEN/Blouses_Shirts/id_00000740/03_4_full.jpg
MEN/Tees_Tanks/id_00000122/01_4_full.jpg,MEN/Tees_Tanks/id_00000122/01_4_full.jpg
MEN/Tees_Tanks/id_00001924/01_4_full.jpg,MEN/Tees_Tanks/id_00001924/01_4_full.jpg
MEN/Tees_Tanks/id_00005569/01_4_full.jpg,MEN/Tees_Tanks/id_00005569/01_4_full.jpg
WOMEN/Blouses_Shirts/id_00000551/02_4_full.jpg,WOMEN/Blouses_Shirts/id_00000551/02_4_full.jpg
MEN/Jackets_Vests/id_00004014/03_4_full.jpg,MEN/Jackets_Vests/id_00004014/03_4_full.jpg
WOMEN/Blouses_Shirts/id_00000479/02_4_full.jpg,WOMEN/Blouses_Shirts/id_00000479/02_4_full.jpg
WOMEN/Dresses/id_00004919/05_2_side.jpg,WOMEN/Dresses/id_00004919/05_2_side.jpg
WOMEN/Sweaters/id_00003930/06_7_additional.jpg,WOMEN/Sweaters/id_00003930/06_7_additional.jpg
WOMEN/Cardigans/id_00004477/02_4_full.jpg,WOMEN/Cardigans/id_00004477/02_4_full.jpg
WOMEN/Dresses/id_00005442/02_1_front.jpg,WOMEN/Dresses/id_00005442/02_1_front.jpg
WOMEN/Sweaters/id_00003984/03_1_front.jpg,WOMEN/Sweaters/id_00003984/03_1_front.jpg
WOMEN/Blouses_Shirts/id_00001846/01_4_full.jpg,WOMEN/Blouses_Shirts/id_00001846/01_4_full.jpg
WOMEN/Skirts/id_00006881/02_7_additional.jpg,WOMEN/Skirts/id_00006881/02_7_additional.jpg
WOMEN/Cardigans/id_00000036/02_7_additional.jpg,WOMEN/Cardigans/id_00000036/02_7_additional.jpg
WOMEN/Cardigans/id_00003237/04_7_additional.jpg,WOMEN/Cardigans/id_00003237/04_7_additional.jpg
WOMEN/Dresses/id_00004594/02_7_additional.jpg,WOMEN/Dresses/id_00004594/02_7_additional.jpg
WOMEN/Dresses/id_00004834/01_2_side.jpg,WOMEN/Dresses/id_00004834/01_2_side.jpg
WOMEN/Shorts/id_00004784/03_4_full.jpg,WOMEN/Shorts/id_00004784/03_4_full.jpg
MEN/Sweatshirts_Hoodies/id_00006147/02_1_front.jpg,MEN/Sweatshirts_Hoodies/id_00006147/02_1_front.jpg
MEN/Jackets_Vests/id_00004014/02_4_full.jpg,MEN/Jackets_Vests/id_00004014/02_4_full.jpg
MEN/Sweatshirts_Hoodies/id_00006963/09_4_full.jpg,MEN/Sweatshirts_Hoodies/id_00006963/09_4_full.jpg
MEN/Sweaters/id_00004959/03_4_full.jpg,MEN/Sweaters/id_00004959/03_4_full.jpg
MEN/Sweatshirts_Hoodies/id_00006008/01_4_full.jpg,MEN/Sweatshirts_Hoodies/id_00006008/01_4_full.jpg
MEN/Shirts_Polos/id_00001366/05_4_full.jpg,MEN/Shirts_Polos/id_00001366/05_4_full.jpg
MEN/Jackets_Vests/id_00007800/01_4_full.jpg,MEN/Jackets_Vests/id_00007800/01_4_full.jpg
MEN/Tees_Tanks/id_00005141/01_7_additional.jpg,MEN/Tees_Tanks/id_00005141/01_7_additional.jpg
MEN/Denim/id_00003879/02_7_additional.jpg,MEN/Denim/id_00003879/02_7_additional.jpg
MEN/Pants/id_00002565/04_1_front.jpg,MEN/Pants/id_00002565/04_1_front.jpg
